site,battery_x,export_rate,ems_benefit_inr,idle_benefit_inr,ems_unserved_kwh
home-mathura,0.0,3.0,14085.975054600249,13962.021573747592,0.0
home-mathura,0.0,5.0,17576.07242215778,17555.983560840166,0.0
home-mathura,0.5,3.0,14597.614080583751,14172.392145987362,0.0
home-mathura,0.5,5.0,17173.594800465085,17766.354133079938,0.0
home-mathura,1.0,3.0,15633.83811560807,14210.220981828072,0.0
home-mathura,1.0,5.0,16836.9540729798,17804.182968920646,0.0
home-mathura,2.0,3.0,16086.729495335487,14210.220981828072,0.0
home-mathura,2.0,5.0,16552.899160521425,17804.182968920646,0.0
shop-pune,0.0,3.5,126296.33947746182,126105.94949714027,0.0
shop-pune,0.0,5.5,132052.56213943093,132048.0557271266,0.0
shop-pune,0.5,3.5,128597.207053333,126105.94949714027,0.0
shop-pune,0.5,5.5,133388.96253299902,132048.0557271266,0.0
shop-pune,1.0,3.5,133211.96769108123,126105.94949714027,0.0
shop-pune,1.0,5.5,136945.00947450844,132048.0557271266,0.0
shop-pune,2.0,3.5,135115.7398361467,126105.94949714027,0.0
shop-pune,2.0,5.5,136892.19440106474,132048.0557271266,0.0
clinic-jaipur,0.0,3.5,232722.21724575467,232578.91901764047,0.0
clinic-jaipur,0.0,5.5,241886.39429993046,241886.60106517456,0.0
clinic-jaipur,0.5,3.5,233019.80530655725,232578.91901764047,0.0
clinic-jaipur,0.5,5.5,241948.03414287,241886.60106517456,0.0
clinic-jaipur,1.0,3.5,239600.3467910492,232578.91901764047,0.0
clinic-jaipur,1.0,5.5,246207.15877473357,241886.60106517456,0.0
clinic-jaipur,2.0,3.5,245485.8723816504,232578.91901764047,0.0
clinic-jaipur,2.0,5.5,250939.7076738492,241886.60106517456,0.0
